{"__Version":"0.1","App":"c214fe2f-db96-47fa-8ec8-5fb0fc9dd9da","Test_7F478737223C4B69":"a4b28ff1-f4ca-42ae-9ce5-16277528f2a7","Host":"d57c3efd-d174-4dd9-ab92-478fe7ddc1ac","Main Screen":"e804c5c2-55a3-442d-aa8c-c8c041b294c9","Main screen - Screen background":"3053b6f6-e610-406b-a9b7-3e9699bb2d26","Main Screen - Header background":"82c736ae-7548-478c-a3e1-5f1e4397b97e","Main screen - Mockup - Phone template":"d4305640-808b-43bc-bcf1-5b206c6b1440","Main screen - Phone background":"f58f4fe7-5888-432f-91fe-592dca4a9526","Main Screen - Header":"fd592825-2d53-4545-92be-bf4ddd24df1f","Main screen - Gear icon":"6f1d8b98-39e0-4af1-8c8c-954dc7a5062b","Main Screen - Designer icon":"5312cbdc-3e98-485e-96dc-7da2c629c53d","Main screen - Mockup - Avatar":"67ca6d79-df65-433d-9803-58461bad070a","Main screen - Select demo":"d48a2671-d36f-4649-9d8a-0be0f8781b61","Main screen - Mockup - App title":"1f2242f9-507c-420c-8d61-3be307e0f926","Main screen - Role header":"c99ae3f6-9139-4ba4-a270-1b2b6f3fafeb","Main screen - Role header for visibility":"3a80f67f-1b4a-457a-b2b7-35241b897820","Main screen - Role input":"8e70127e-ed31-45a6-b2aa-d51148d2066d","Main screen - Role input for visibility":"72f455b1-9bff-4d18-baf0-04ffb20d42b2","Theming - Default Colors Header":"8b8ccac0-1f98-49d7-bc20-4b14796d31a7","Main screen - Role change button":"d5de938b-9671-4e00-a44a-477de0b1821a","Main screen - Role change button for visibility":"b005bf86-e11f-4501-b984-d6909bcaf679","Main Screen - Refresh":"7149c193-db02-4038-8ab1-daa267fd63f3","Theming - Primary header":"9b5a2f76-6831-476f-b66b-fbf672d55f0f","Theming - Primary input":"39038e39-2ea3-40d5-a55d-ca3fa17dcbdb","Theming - Primary description":"4e87c12e-9ae9-4aaf-85ba-023680e91c3a","Theming - Primary Circle":"179aacc8-3a75-4723-ad5d-b3c6ff997c0c","Main screen - Named formula header":"ab9dbd94-08fe-489b-8bdf-8d36cc02a53f","Main screen - Named formula get role header":"b7ceb7f4-f557-422d-af7d-d5067bb0aeb6","Main screen - Mockup - App image":"77d48438-509b-4e30-97a1-df282082707d","Main screen - Named formula":"a17804bf-b4b6-4016-a4b8-12d071a11f37","Main screen - Named get role formula":"35917a17-d380-42b7-9654-5b3f55e7cfe6","Theming - Regular header":"6505c18a-5c97-4649-b18c-8673a327a4ae","Theming - Regular input":"7aa586f7-c64a-4bb5-b913-8d6b263d4e80","Theming - Regular description":"b706420f-5e56-4ffa-93f2-576add3148c7","Theming - Regular Circle":"18642060-2bc9-4497-ae56-5a3fb6fc1b05","Theming - Light header":"64731964-230b-487a-801e-b205cc5b61a2","Theming - Light input":"2e23c412-62a2-44c3-b375-68aa6c294d8f","Theming - Light description":"d2597cbb-db28-40cd-898e-3affc5cfa70a","Theming - Light Circle":"8882bed3-f306-4ce4-97c9-78457e65b952","Theming - Accent header":"58c3af18-622c-4926-9ef5-3287a3a95791","Theming - Accent input":"5efff055-7879-48d0-99a4-7ccc3c6723e6","Theming - Accent description":"9f07eb3a-9fc4-457a-b04e-58f66976d9f9","Main screen - Navigation button sjow icon header":"c95032b8-4274-4df1-87fb-ad8b79f47d22","Theming - Accent Circle":"c3ac33de-c643-498a-8d9f-4554c8cdb077","Main screen - Navigation button show icon formula":"50a27025-6508-4a40-84a1-639028a00c7a","Main screen - Mockup - Select button":"6e22fe3a-68d5-4ced-9c84-0520db429603","Restore button":"823b0ff4-1bbe-4c90-a858-93184b303558","Update color button":"704d6ae5-fed2-4cb2-9bbc-4993c9c8ff70","Main screen - Mockup - Sing Up button":"5521ca37-912f-419c-8eba-d21235452727","Main screen - Navigation button header":"aef8611a-c64c-46db-ad9e-d36d751ee2c7","Sample yellow color":"c6d468ed-8e79-4538-8d41-7473059e12ba","Sample blue color":"571799d1-20ff-4703-943f-f4ba83800a6e","Main screen - Navigation button formula":"db19874e-16ef-4616-9ac4-8e28da43b8d9","Main screen - Mockup - Footer":"a7d1db62-dba1-4e1c-bf1d-6e3df8fe5822","Main Screen - Go next":"8d0d477b-7ca8-4328-965f-d88fbabc4c13","Main screen - Theming group":"45cb8016-7752-4d69-a639-72d9ceb772a5","Main screen - Visibility group":"f8f00f73-3c7a-4c7b-886b-e8ffb57e741a","Main screen - Navigation group":"2613b34c-ff39-43f4-bb77-9bd6e8c3c869","Select Date":"a4ed8bed-d6d6-40fd-a8bd-783a5d6008ac","Select date - Screen background":"ec398cd3-761b-45d5-a398-068b670ad7ea","Select date - Header background":"9657ef20-d29d-4a94-98f9-26865277df7b","Select date - Mockup - Phone template":"1911900f-1bcc-4f4a-907c-011a2c906826","Select date - Phone background":"6cc8496e-f33b-4167-b43e-1dab4bc6d1ce","Select date - Header":"4adbb10a-a043-4bea-b3b8-166ea5bb31b3","Select date - Mockup - Avatar":"5a4b8adc-4de5-4fb7-b370-104b3b7d43be","Select date - Mockup - App title":"a9cd15fc-b59d-4a1c-b3bb-859342d2c2b0","Select date - Role header":"59f52c57-f840-4ffd-8274-0b960b7378f7","Select date - Role input":"3a595680-e317-4632-954a-a25a5b9ce5ca","Select date - Role change button":"fa78a1ea-0f76-40c0-ba54-d0a3f219919e","Select date - Named formula header":"e6e34f64-74df-4d49-9095-bde7e4d0a5aa","Select date - Button bachground":"b75244d0-458d-483d-91fc-8641cd506018","Select date - Named formula":"dd605ba3-1423-41f0-b979-bfa569205585","Select date - Mockup - Now button":"b55fc08d-bc29-4c1d-bf18-2c0b22c4194a","Select date - Mockup - Tomorrow button":"0824348d-c7c7-4412-8a1f-82716a457bdb","Select date - Mockup - Next 3 days button":"6d720c30-cf8c-45ec-8c18-f8fc48f245ec","Select date - Mockup - Cancel button":"9c341536-7249-4618-81d7-5110df17ef0c","Select date - Rectangle":"b93d2f66-fab1-4a6b-b543-a27284aca814","Select date - Mockup - Footer":"b0efb7b6-f862-425c-98ac-1b4ad9c52bfa","Sign Up - Left_3":"8be2bf55-a83e-45a4-aa20-c4ec9b330edc","Sign Up - Right_2":"934011e7-2b66-4f5d-ab6d-152477e6bf7f","Select Parameters":"13db95ba-f2cb-4d73-bbaf-854d3e1d2afa","Select parameters - Screen background":"6572ddc7-bf31-47a2-b678-beccacf321b2","Select parameters - Header background":"b68babbf-385b-48c9-9e9e-aa51f3c2ec56","Select parameters - Mockup - Phone template":"b83f7b7f-e609-415e-9d30-bf2b0c02c653","Select parameters - Mockup - Phone background":"0762eba9-09b0-4c4a-8a8b-dbfe283a59b1","Select parameters - Header":"866ca3dd-b92a-4bb6-89d6-efb4899b5741","Select parameters - Mockup - Avatar":"59aae9ab-dbb8-4e65-9dcb-3425494a9ec5","Select parameters - Mockup - App title":"5aed9091-ebb8-4862-b53d-3fa1303c15d5","Select parameters - Role header":"43d42805-020a-4107-882e-da2131224f2e","Select parameters - Role input":"931b94f5-4a4f-451c-98b0-13bb52b49ecd","Select parameters - Role change button":"ce52f3c0-015c-45fe-91f7-a0ed934db2f7","Select parameters - Mockup - Parameters Gallery":"7fe64a49-742d-416e-976e-b51c9b0d7a83","galleryTemplate2_2":"8a5ebc9c-ae85-42d6-83ea-aa7a63d2e1dd","Select parameters - Mockup - Parameter button background":"a4d2f7a9-e95b-4c6f-8bae-b86310b688b0","Select parameters - Mockup - Button":"ab1b2567-8242-4f4e-b57e-872fbccc4e63","Select parameters - Mockup - Parameter image":"4fa3834c-4676-4302-85e3-9dd2dc92bd35","Select parameters - Mockup - Parameter description":"993f53c0-6783-4990-ba6d-09871530543c","Select parameters - Named formula header":"749ade3c-d875-4208-98dc-de48daa34888","Select parameters - Named formula":"51b814bc-d67f-4ca5-8134-b9b1fc2ae8c2","Select parameters - Rectangle":"86dbffb5-7ec3-41b6-be74-eabdf2633157","Select parameters - Mockup - Back button":"9b26960e-8526-42f0-a484-ebf7ece4b1e2","Select parameters - Mockup - Next button":"3a757b42-5b32-43d8-8e9f-feeed087cdeb","Select parameters - Mockup - Back icon":"581f21d4-c7a8-4017-acc6-3e72538b2401","Select parameters - Mockup - Footer":"5e9a3a24-cf79-4be2-933c-3493ecf8f32f","Sign Up - Left_2":"c0191933-ed7a-45de-81e0-7ce2e1fd4b3c","Sign Up - Right_1":"583da1bb-b06f-429c-95a3-db76cd47aaa5","Sign Up":"6a26d771-6d3e-44df-a3b4-0fd00b73de56","Sign Up - Screen background":"073ea1a8-7be8-4eff-afbb-4c0ef2cc4375","Sign Up - Header background":"63fa4b8a-a510-49be-9c6e-be74fb1368aa","Sign Up - Mockup - Phone template":"374dddbe-a27f-4e12-9c62-68f2f796bf93","Sign Up - Mockup - Phone background":"a3dbb9ba-c9ab-46a8-a93a-7cb98f32e96e","Sign Up - Header":"c36a0c55-8120-4902-a86a-92a6851b7bdf","Sign Up - Mockup - Avatar":"94f89293-63ab-4846-8082-574c1fd86925","Sign Up - Select demo":"07ca24d5-95cc-4b86-bf38-a6149a6b6507","Sign Up - Mockup - App title":"508e7bbe-13b9-488a-bc1d-39a6027711db","Sign Up - Named formula header - Required fields":"ac61f164-a063-4a82-bf61-f222f2fd7ee4","Sign Up - Named formula header - Error handling":"fe60c779-9551-4144-9e94-55b6c9231b03","Sign Up - Named formula - Required fields":"ec270da7-f208-467f-9f6d-a186ae3dbfd3","Sign Up - Named formula - Error handling":"ca28881c-9ff8-4d1e-81e2-33d5c6e4221c","Sign Up - Mockup - Form background":"35cfa6d0-df5f-4f7c-9856-eadf7d2bb0ef","Sign Up - Mockup - Name header":"3dbc3969-b4db-45b9-9d52-8a9bc22bd82b","Sign Up - Mockup - Name input":"efef5c06-d5fb-4edf-aaf7-0c1c0c13f77f","Sign Up - Mockup - Name error":"0535103e-48f6-41e3-948d-a9dd2af86369","Sign Up - Mockup - Email header":"3ee3c271-6b6b-4fc4-898e-b5f3e6d0b938","Sign Up - Mockup - Email input":"86054f7c-4da7-4cb5-b416-7f3641f28447","Sign Up - Button formula header":"9d920819-99fc-4d1a-92b6-c09df02daf48","Sign Up - Button formula":"fb421d48-936b-4786-9317-0106dd93dc7d","Sign Up - Mockup - Email error":"e5642e03-19f6-46d6-b26f-831703da86cc","Sign Up - Mockup - Date picker header":"cfc76c64-5395-424d-9e86-7e63a7e5ede5","Sign Up - Mockup - Date picker":"042f2f28-7b75-485e-8787-5e1ff0530b6d","Sign Up - Mockup - Date picker error":"d5b73352-9fd9-46e3-9217-083ed4c1e355","Sign Up - Mockup - Back button":"59231e93-9a5e-4489-a343-f7630ef486cd","Sign Up - Mockup - Sing Up button":"31d27c57-1345-489d-8442-97f99f57c7bf","Sign Up - Mockup - Back icon":"256c5317-f8ee-4ba9-9f23-1a8eece2abdf","Sign Up - Mockup - Footer":"c16cdb9f-4523-48ee-8201-88be8797d015","Sign Up - Left":"4d759d4b-eb9a-43ad-9ea4-29f3e357e610","Sign Up - Right":"6e3688dc-214b-4a4b-bb1b-7d09eddc4bff","UDF":"8d358c56-8bdf-4a7a-92c5-6f44ade5e07e","UDF - Screen background":"422a8eb5-779e-4da0-8107-95ad50717881","UDF - Header background":"fed1cd9d-f95d-4cc3-bae0-ed5f509de1b2","UDF - Mockup - Phone template":"37954c26-29a0-45d4-abbf-5fdcf211d64d","UDF - Header":"d14f6f26-341e-4b8d-97d2-9099c27f6df2","UDF - Mockup - Avatar":"3edeee8b-63e1-4e7c-a28e-b7f5f8f0e191","UDF - Select demo":"25214013-4be3-414e-b652-cfe3acd84fc0","UDF - Mockup - App title":"95142dc2-abb5-462e-b4c8-45a6bf004cb5","UDF - Named formula header - Simple UDF":"5d436035-8700-4854-a3f5-7679bfa20956","UDF - Named formula header - Verify email":"b68292b5-e3e8-4c7a-a528-77c471ed2c72","UDF - Named formula - Simple UDF":"24064e3c-323e-4fa9-ae33-f262e0d4be30","UDF - Named formula - Verify email":"a5a8f966-9ca6-4387-99bd-9b972afdfc11","UDF - Mockup - Form background":"a9ad37d8-b3a4-431c-99f4-932679b42264","UDF - Mockup - Hours header":"877468bb-8e3c-4b4b-b1a0-1d7a09721caf","UDF - Mockup - Hours input":"717f4696-2629-4879-9413-3526587e0366","UDF - Mockup - Total price":"2fe13f34-cd84-428f-bbc7-75d1ba45ed95","UDF - Mockup - Email header":"15b46f47-9ef1-4a94-bad5-32f26dc8a81f","UDF - Mockup - Email input":"d94e92dd-829e-4580-a5ec-7881aa7ed75e","UDF - Mockup - Email validation message":"4440b6b3-e0a9-4ac5-b46b-703b44c07597","UDF - Mockup - Back button":"4f9801d1-acb6-4f52-b8b3-8e6403b29db0","UDF - Mockup - Sign Up button":"c12793f3-f3d0-404b-a7e1-7b0f06f87906","UDF - Mockup - Back icon":"ac5e01bd-e221-4b75-a9de-53eb5d1a30a9","UDF - Mockup - Footer":"38767e47-ee0b-493a-a9ef-2c96882882b2","Sign Up - Left_1":"70cb5ef6-42d1-4b9d-ae1a-4c584a76148a"}